[
    {

        "technology": "AWS",
        "porcent": "50",
        "experience": "+2 Años",
        "sub-technologies": 
            {
                "type": ["S3","IAM","MFA","SSH","ELB","EC2","SNS","KMS","KMS","ECL","KMS","SQS","SES","SMS","CLOUD-FRONT","NAT-GATEWAY","SECURITY-GROUPS","CLOUD-WATCH","ROUTE-53"]
            }
           
    

    },

    
    {

        "technology": "PHP-LARAVEL",
        "porcent": "95",
        "experience": "+9 Años",
        "sub-technologies": 
            {
                "type": ["API","REST-FULL","DOCKER","SEEDERS","COMPOSER","BLADE","MIGRATIONS","JWT", "SWAGGER","TINKER", "SECURITY", "SOCIALITE", "SANCTUM", "AUTH", "SAIL", "ELOQUENT", "AUTHENTICATION", "SYMFONY","FORM-REQUEST","SCHEDULE", "MIDDLEWARE","provider", "Unit-Testing","git"]
            }

    },
    {

        "technology": "PHYTON-FLASK",
        "porcent": "95",
        "experience": "+3 Años",
        "sub-technologies": 
            {
                "type": ["API","REST-FULL","DOCKER","MVC","Unit-Testing","SCHEDULE","MIGRATIONS","JWT", "SWAGGER","SECURITY", "SOCIALITE","AUTH", "AUTHENTICATION", "FORM-REQUEST","blueprint","provider","Git"]
            }

    },
    {

        "technology": "JAVA ANDROID",
        "porcent": "90",
        "experience": "+9 Años",
        "sub-technologies": 
            {
                "type": ["Retrofit","XML","OOP","UX","UI","RESPONSIVE","git","sqlite", "GEolocation"]
            }

    },
    {

        "technology": "FRONT-END",
        "porcent": "90",
        "experience": "+9 Años",
        "sub-technologies": 
            {
                "type": ["VUE.JS","JQUERY","HTML5","CSS3","JS","TypeScript","UX","UI","RESPONSIVE","Dashboards"]
            }

    },
    {

        "technology": "METODOLOGÍAS",
        "porcent": "70",
        "experience": "+3 Años",
        "sub-technologies": 
            {
                "type": ["SCRUM","DATA-DRIVER","UML","MVC","Unit-Testing","TDD"]
            }

    },
    {
        "technology": "BASES DE DATOS",
        "porcent": "90",
        "experience": "+11 Años",
        "sub-technologies": 
            {
                "type": ["FAUNA-DB","MYSQL","SQLITE","MARIA-DB","FIREBASE","PHPMYADMIN"]
            }
           
    },
    {

        "technology": "ARDUINO-ESP32",
        "porcent": "95",
        "experience": "+12 Años",
        "sub-technologies": 
            {
                "type": ["C","C++","bluetooth","wifi","zigbee","comunication-serial","WSN","element-pasive-active","epprom","flash","optimitation","image-processing", "control-on-off-pid","API","git","rfid"]
            }

    }
   
]